"Gene_Name","Sample_1.hi","Sample_2.hi","Sample_3.hi","Sample_4.low","Sample_5.low","Sample_1.low"
"Gene_a",4.111851039249,3.83701847222042,4.36062822108918,3.75251735357204,4.36806872852581,3.42100918808154
"Gene_b",6.047821789885,5.68351770465353,4.31588855648347,3.38113612333638,3.6302728094017,5.56080151368826
"Gene_c",2.5970680134656,3.31630048369023,3.68150932753296,4.88651972886773,4.31828933428118,5.09778316760698
"Gene_d",6.0091973273131,5.9274192452786,2.24470147669345,6.57410788138235,8.28883069105827,6.85729143338887
"Gene_e",10.1525092795379,10.2181999371548,10.0048352676237,2.25160309285016,1.80516773627192,2.39629530298141
"Gene_f",11.1078684987917,9.59215321686567,10.2639748803442,3.5675602186427,2.49647543631999,3.58775519484071
"Gene_g",8.70578737638248,8.94942157834296,9.2269904802755,10.0515158150514,7.84166360563881,9.6498692127001
"Gene_h",9.23903901868676,9.83973362151106,10.0278124545032,11.0844441226743,9.31619989128124,8.74294266518407
