"Gene_Name","Sample_1.hi","Sample_2.hi","Sample_3.hi","Sample_4.low","Sample_5.low","Sample_1.low"
"Gene_a",3.61986978426716,3.56569326742737,2.91822039287805,3.19206064791093,4.93465061765018,3.90828560544371
"Gene_b",3.61561288178556,4.58067085386613,3.17559692206387,3.50802503037284,2.13524851887883,5.2706154501942
"Gene_c",4.30465696465201,3.2698227755469,2.78550999987119,5.18405457545227,3.34298774247568,3.5282940972892
"Gene_d",3.31475377619746,4.36978216668228,5.01014798504822,9.21003704233177,7.25755241118745,9.2776830147335
"Gene_e",9.90740589826926,9.96422440679524,9.67438915231515,2.58638973066618,2.60963653831235,3.32796442770283
"Gene_f",11.0412572587279,11.7808958221415,10.4030286888069,3.03633716163591,4.76015725816122,3.57374969096708
"Gene_g",7.38568747506488,10.2100693365604,9.30812302102598,9.91961357537387,9.37786547917437,7.88110102943005
"Gene_h",10.9839527770917,11.0902674175082,10.4428297019017,7.84509904153244,9.29495901441609,10.5007721757164
